token_mint_address,symbol,sol_balance,adjusted_sol_balance
ukHH6c7mMyiWCf1b9pnWe25TSpkDDt3H5pQZgZ74J82,BOME,6328.31943561,6328.31797401
CBdCxKo9QavR9hfShgpEBG3zekorAeD7W1jfq2o3pump,LUCE,3976.270596233,3976.2691346330002
7BgBvyjrZX1YKz4oh9mjb8ZScatkkwb8DzFx7LoiVkM3,Old Slerf,3514.906527356,3514.905065756
B6h248NJkAcBAkaCnji889a26tCiGXGN8cxhEJ4dX391,$WATER,2518.00092344,2517.99946184
FUAfBo2jgks6gB4Z4LfZkqSZgzNucisEHqnNebaRxM1P,MELANIA,1887.718642379,1887.7171807789998
HRw8mqK8N3ASKFKJGMJpy4FodwR3GKvCFKPDQNqUNuEP,DJT,1674.459637974,1674.458176374
So11111111111111111111111111111111111111112,WSOL,1515.370760182,1515.3692985819998
6p6xgHyF7AeE6TZkSmFsko444wqoP15icUSqi2jfGiPN,TRUMP,1349.408539948,1349.407078348
4G86CMxGsMdLETrYnavMFKPhQzKTvDBYGMRAdVtr72nu,$NAP,1290.815407257,1290.813945657
MAPS41MDahZ9QdKXhVa4dWB9RuyfV4XqhyAZ8XcYepb,MAPS,1165.287201628,1165.285740028
DezXAZ8z7PnrnRJjz3wXBoRgixCa6xjnB7YaB1pPB263,Bonk,1089.583620238,1089.582158638
5mbK36SZ7J19An8jFochhQS4of8g6BwUjbeCSxBSoWdp,$michi,978.239498617,978.238037017
2miHpQbYLPvXxC2V234jrrrtnJdejd5xW883a5ToNW3g,POGAI,919.87648281,919.87502121
3WKzqdh3ZW3tP2PhAtAuDu4e1XsEzFhk7qnN8mApm3S2,CAT,730.299933517,730.298471917
MEW1gQWJ3nEXg2qgERiKu7FAFj79PHvQVREQUzScPP5,MEW,673.938019285,673.936557685
9gwTegFJJErDpWJKjPfLr2g2zrE3nL1v5zpwbtsk3c6P,USEDCAR,605.432463607,605.4310020070001
DdW6ZvjQpETUqNVJxBSFEe5ZWSvrsWaL26AXCtiVCGzC,OWP,600.0014616,600
G411goTeWhDB6QYj5HtEEdHz9tuvfkePMacqK1vXSEY2,ANGI,599.991461603,599.990000003
6MQ8D4XgoLTPGgkz7sbJdFzA6F6iuepFXE2BtV9npump,Tate,568.562387402,568.560925802
BNqRJAtAeaDmsgEE1Dy83q9iWjBePcV1KHAu5avAps3V,GIRLQUANT,560.0014916,560.00003
Bo9jh3wsmcC2AjakLWzNmKJ3SgtZmXEcSaW7L2FAvUsU,LIBRA,550.731009267,550.729547667
2gkevSAUExkSUwwwj6uNbzwwNCXyzEBkGLg4wAyUpump,CWH,538.331873508,538.330411908
6CTPpJgxX5M6Lygok4kXuxReFE4HFmA7t33AbuXiaP88,SORRY,535.931905367,535.930443767
EKpQGSJtjMFqKZ9KQanSqYXRcF8fBopzLHYxdM65zcjm,$WIF,529.163431587,529.161969987
FeR8VBqNRSUD5NtXAj2n3j1dAHkZHfyDktKuLXD4pump,jellyjelly,527.904160683,527.902699083
8wXtPeU6557ETkp9WHFY1n1EcU6NxDvbAggHGsMYiHsB,GME,502.539962612,502.538501012
EPjFWdd5AufqSSqeM2qN1xzybapC8G4wEGGkZwyTDt1v,USDC,502.158363543,502.156901943
FqveHfaf96iTjA3KgX1W5LWPnLFYv8EfUf6TQSWPpump,EXO,493.148030666,493.146569066
d4VVNcnhYwenMzJJk7QgZsxVbLQSijPSLB8m7gKMGFM,GANG,484.635054243,484.633592643
4Cnk9EPnW5ixfLZatCPJjDB1PUtcRpVVgTQukm9epump,DADDY,477.54901537,477.54755377
AujTJJ7aMS8LDo3bFzoyXDwT3jBALUbu4VZhzZdTZLmG,$BEER,455.668585803,455.66712420299996
BMwhQ1HXuzA7ucY8NYHyVq2uwuG47GHj1dNP6xJdoPzD,COOL,451.727186222,451.725724622
BUPKYk9hqhjEn4cA7CkjbtRRb893hNoRYc1gp5D6YaCU,HULK,440.528499858,440.52703825799995
CQAjHrpdwSXkMAwwSf6XkKYi92LMXNAwzdvE3exhMKRx,GTA6,434.990359478,434.988897878
25hAyBQfoDhfWx9ay6rarbgvWGwDdNqcHsXS3jQ3mTDJ,MANEKI,422.586325182,422.58486358199997
HhJpBhRRn4g56VsyLuT8DL5Bv31HkXqsrahTTUCZeZg4,$MYRO,419.523592282,419.52213068199995
F7sCT3iKN2TstmuReTk81k97hpbMv6mFAfffKjZxkQxu,solz,398.033529239,398.032067639
9Ttyez3xiruyj6cqaR495hbBkJU6SUWdV6AmQ9MvbyyS,smole,394.652169412,394.65070781199995
GTH3wG3NErjwcf7VGCoXEXkgXSHvYhx5gtATeeM5JAS1,WHALES,391.646254744,391.64479314399995
65TXokSM1uaW1wcjRzKJwtej8Sf3YJKRqRwQtaoowHSU,AI,389.2314616,389.22999999999996
WskzsKqEW3ZsmrhPAevfVZb6PuuLzWov9mJWZsfDePC,PUNDU,369.097133389,369.095671789
HQ7DaoiUxzC2K1Dr7KXRHccNtXvEYgNvoUextXe8dmBh,SLOTH,368.852066339,368.85060473899995
71Jvq4Epe2FCJ7JFSF7jLXdNk1Wy4Bhqd9iL6bEFELvg,GOR,368.735690071,368.734228471
74SBV4zDXxTRgv1pEMoECskKBkZHc2yGPnc7GYVepump,swarms,359.667442519,359.665980919
4k3Dyjzvzp8eMZWUXbBCjEvwSkkk59S5iCNLY3QrkX6R,RAY,346.543927392,346.542465792
7pskt3A1Zsjhngazam7vHWjWHnfgiRump916Xj7ABAGS,GAS,345.799652618,345.79819101799995
7GCihgDB8fe6KNjn2MYtkzZcRjQy3t9GHdC8uHYmW2hr,POPCAT,344.854605269,344.85314366899996
8SjKoc2s5cqSW4z6WKwgQiWkdUNnpTso5Jd8BZTNYESd,BOMO,343.097325313,343.09586371299997
BshVPBvgqSZ9UAsgEaLVnSteGqUR7nLfxfXn6URM4MMb,LOOM,330.885275321,330.88381372099997
2fUFhZyd47Mapv9wcfXh5gnQwFXtqcYu9xAN4THBpump,RNT,329.065133766,329.06367216599995
24gG4br5xFBRmxdqpgirtxgcr7BaWoErQfc2uyDp2Qhh,NOS,304.683728526,304.68226692599995
A3eME5CetyZPBoWbRUwY3tSe25S6tb18ba9ZPbWk9eFJ,PENG,296.78190331,296.78044171
85gc3v888z12esKDvi8ocA9FULZPe6vFVtbPGEVppump,WOW,291.633136374,291.631674774
METAmTMXwdb8gYzyCPfXXFmZZw4rUsXX58PNsDg7zjL,<nil>,291.171461621,291.17000002099996
9BB6NFEcjBCtnNLFko2FqVQBq8HHM13kCyYcdQbgpump,Fartcoin,289.011992666,289.010531066
44bzge9EZJGPJRYNmsA64mdKZ1eeLdDcDiczRmoyAtez,LOS,288.640516975,288.639055375
H7bTHGb5Cvo5fGe5jBDNDPUv8KykQnzyZA3qZ8sH7yxw,GUMMY,274.792748935,274.791287335
9vTM2mdwquWwy9R9uNe25i186cECCzJgZZH3L51hpump,HOLYPNUT,271.776584126,271.77512252599996
4vqYQTjmKjxrWGtbL2tVkbAU1EVAz9JwcYtd2VE3PbVU,WYNN,271.517252485,271.51579088499994
5z3EqYQo9HiCEs3R84RCDMu2n7anpDMxRhdK8PSWmrRC,PONKE,261.151108289,261.14964668899995
Faf89929Ni9fbg4gmVZTca7eW6NFg877Jqn6MizT3Gvw,WOLF,256.641673366,256.640211766
HUdqc5MR5h3FssESabPnQ1GTgTcPvnNudAuLj5J6a9sU,BONGO,255.00496751,255.00350591
2VybYGDqyRBA6a6rgtTn4YJK7veimuZ4iJHAhRjM8Tvh,$BCLAT,254.443413314,254.441951714
14bLBcB1iHUBGioLSwjbWBsP26nZKU16Qg44p5Vderp,DERPY,252.134461615,252.133000015
STKmfGGegeoYqrHrJ3nvTafSvRC6GJJBbLwN1cqpump,NOVA,250.121932446,250.120470846
BKRD9m2WgLNdCriVTNXdoWHcTvV94fp3SeFKsWdc31vS,BKRD,246.242435204,246.240973604
5FJeEJR8576YxXFdGRAu4NBBFcyfmtjsZrXHSsnzNPdS,SMB OG,240.001461601,240.000000001
PUPS8ZgJ5po4UmNDfqtDMCPP6M1KP3EEzG9Zufcwzrg,PUPS,236.986752675,236.985291075
GJAFwWjJ3vnTsrQVabjBVK2TYB1YtRCQXRDfDgUnpump,ACT,233.677509938,233.676048338
21rweMLGYeMNonHW7H3xa5py17X6ZFRcHirCp9inRBQA,IQ50,231.668582695,231.667121095
CTJf74cTo3cw8acFP1YXF3QpsQUUBGBjh2k2e8xsZ6UL,Neiro,231.204553288,231.203091688
4j9bDg7iWNah1Qa61rrqwWZMtEdqV3fV56SzyhfNpump,BITCAT,223.217805747,223.216344147
4T54PGF4gAU75NL9j2GHvrVbR6u5zjyJE4zGuJbkpump,TOGA,222.542169053,222.540707453
Gp5PYbvVkF5LqqwwPP1UazFExvnnUekjqZG7x9vkpump,TADDY,221.96162816,221.96016656
8BtoThi2ZoXnF7QQK1Wjmh2JuBw9FjVvhnGMVZ2vpump,DARK,221.025693084,221.024231484
GePgWjsZcPMjDHnNw5wjnfYc4pQdaWTNJmno54ravZaP,$CCP,220.40876077,220.40729917
Bz7Nx1F3Mti1BVS7ZAVDLSKGEaejufxvX2DPdjpf8PqT,CHIPPY,219.606623293,219.605161693
3ag1Mj9AKz9FAkCQ6gAEhpLSX8B2pUbPdkb9iBsDLZNB,HONK,218.697391013,218.695929413
3S8qX1MsMqRbiwKg2cQyx7nis1oHMgaCuc9c4VfvVdPN,MOTHER,208.874044774,208.872583174
C3DwDjT17gDvvCYC2nsdGHxDHVmQRdhKfpAdqQ29pump,RFC,207.559939938,207.55847833800001
Argoo945JjG9oyt5hgsrdtwbG3S4ATXQy4tTdYMzsV1m,ARGO,207.345959615,207.344498015
4GJ3TCt5mTgQT5BRKb14AkjddpFQqKVfphxzS3t4foZ9,jenner,203.27206495,203.27060335
GjRbE4TsPVaSXuzyEqPckzgjdarjt7EC92DxppdFpump,RoDOGE,202.148079986,202.146618386
Es9vMFrzaCERmJfrF4H2FYD4KCoNkY11McCe8BenwNYB,USDT,200.697052105,200.695590505
6xEJQMQTgrvuZTS2mGELGmc4RqTXL4W8nDH4uxgFMs58,BOKITTY,200.691461601,200.690000001
Cxv7ChMPG5nBq9QQEKasXj5g4UYs4RZNHR4boVEsaeB6,SOR,199.001461601,199.000000001
5LafQUrVco6o7KMz42eqVEJ9LW31StPyGjeeu5sKoMtA,MUMU,194.964706512,194.963244912
GWkA9fwAtJDb8BfBAabRY3w7x4jQrboLZd9iWH1v7yuB,FKETH,190.1980019,190.1965403
5ToDNkiBAK6k697RRyngTburU7yZNFZFx7jzsD1Uc7pK,NPCS,187.866330357,187.864868757
NLBLjgKvSVtiporRdVEcyssTyr5oPRmjeajVJ4EGW9B,SOL,185.537199719,185.535738119
7G5DM7Jy7TMWKgH313tA3vF6AqHpbHP4TWZzpTVLWv9c,RTR,183.178999016,183.177537416
B9pmGiVoXPyPKFViY6se32qtRGX85qv4mYB7Gp1os4w4,RICKROLL,182.919461631,182.918000031
RhFVq1Zt81VvcoSEMSyCGZZv5SwBdA8MV7w4HEMpump,CFX,182.048353902,182.046892302
JB2wezZLdzWfnaCfHxLg193RS3Rh51ThiXxEDWQDpump,LABUBU,181.284863585,181.283401985
9gyfbPVwwZx4y1hotNSLcqXCQNpNqqz6ZRvo8yTLpump,YZY,181.282235472,181.280773872
83HDsxuNFnhanLgkTdij3dT7tP5FH3bb1TV1rbTT7atz,GMCAT,180.054456228,180.052994628
7EYnhQoR9YM3N7UoaKRoA44Uy8JeaZV3qyouov87awMs,SILLY,179.907685693,179.906224093
BQQzEvYT4knThhkSPBvSKBLg1LEczisWLhx5ydJipump,Buckazoids,178.974815329,178.973353729
6wkLq4E1A8aA9WawSkANdfwGju2ACDQF8GFjGfDMpump,DTJR,178.848966876,178.847505276
DtR4D9FtVoTX2569gaL837ZgrB6wNjj6tkmnX9Rdk9B2,aura,178.531563697,178.530102097